time_min,time_hours,S_mean,A_mean,Ap_c_mean,Ap_n_mean,r_mean,R_mean,f_mean,F_mean,a_mean
0.0,0.0,100.0,100000.0,10.0,1.0,1.0,1.0,1.0,1.0,1.0
2.8857715430861726,0.04809619238476954,94.3,131.80338842678484,97008.3243555479,2853.4722560253285,0.9,276.0,1.0,27.4,1.0
5.771543086172345,0.09619238476953908,88.2,141.8580147391946,94389.44198526081,5448.4,1.1,528.0831900536596,2.3,72.1,1.0
8.657314629258517,0.14428857715430862,83.7,149.37244557271862,92382.38427461308,7423.943279814191,1.7,845.8,5.4,177.7,1.0
11.54308617234469,0.19238476953907815,78.8,158.53970015119316,90833.93113315813,8948.429166690705,3.0,1447.2,10.4,405.0,1.0
14.428857715430862,0.24048096192384769,73.5,166.8723420872811,89667.79988095179,10132.627776960946,4.8,2431.6016010677868,15.0,757.6,1.5
17.314629258517034,0.28857715430861725,69.0,185.52091483140563,88868.55881436724,10994.920270801373,7.4,3994.149285430119,19.4,1236.9,1.6
20.200400801603205,0.3366733466933868,66.0,190.9111212497647,88312.63611598215,11676.950023740224,10.2,6258.8,25.0,1836.2,1.8
23.08617234468938,0.3847695390781563,62.7,188.1398639100092,87996.72589498285,12172.234241107139,12.4,9214.46823233499,28.1,2548.0,2.0
25.971943887775552,0.43286573146292584,59.6,209.30638201643305,87777.52590451005,12552.867713473512,16.6,12811.175689366162,33.2,3354.4598986972196,2.1
28.857715430861724,0.48096192384769537,54.9,239.05620102431158,87668.62458819457,12856.419210781123,20.0,17271.26457509979,36.8,4274.0,2.5
31.743486973947896,0.5290581162324649,52.2,242.42297908092414,87690.98338151778,13071.093639401286,22.7,22359.14379182249,40.2,5266.0,2.4
34.62925851703407,0.5771543086172345,49.0,266.0058606718923,87704.07486916303,13295.119270165078,26.7,27954.142257590436,44.08086683595694,6298.5,2.5
37.51503006012024,0.625250501002004,46.5,280.9553046596726,87783.59731608373,13479.785595065332,30.1,34325.291208765346,47.6,7421.6,2.6
40.40080160320641,0.6733466933867736,43.8,316.09907441698954,87928.2735806769,13614.127344906117,34.4,41302.6371004034,52.5,8652.2,2.8
43.28657314629258,0.7214428857715431,41.5,357.25735753300745,88096.042642467,13746.1,37.5,49017.54551858427,56.8,9985.50545289693,2.9
46.17234468937876,0.7695390781563126,39.1,426.28658960003304,88280.5426433336,13853.870767066375,38.5,56920.14618961634,60.2,11377.42311147709,3.4
49.05811623246493,0.8176352705410822,36.8,506.538267735149,88573.81407926654,13934.747652998325,42.8,65328.401595142015,63.4,12801.832260808373,3.7
51.943887775551104,0.8657314629258517,34.4,651.6319980307774,88845.86800196923,14044.8,47.2,74223.66894455734,68.5,14323.5,4.1
54.829659318637276,0.9138276553106213,32.6,873.6080175505655,89138.35680497347,14114.035177475942,48.6,83521.91016274416,71.3,15911.6,4.5
57.71543086172345,0.9619238476953907,30.4,1170.5296062384882,89451.08253679312,14158.787856968378,51.0,92928.5290734767,73.4,17515.2,4.5
60.60120240480962,1.0100200400801602,29.0,1558.1740227263433,89681.28470224954,14184.74127502413,54.5,102435.44318636297,74.5,19119.21313798544,4.7
63.48697394789579,1.0581162324649298,27.8,2141.375794430577,89731.72420556941,14262.3,54.9,111994.06316904367,77.7,20753.8,5.4
66.37274549098197,1.1062124248496994,26.1,2869.044243285778,89785.69937022662,14291.356386487601,56.5,121486.66020183938,79.0,22387.3,5.3
69.25851703406813,1.154308617234469,24.9,3865.218841996552,89621.96315616959,14273.718147672538,58.0,130877.88820401656,78.9,24025.7,5.6
72.14428857715431,1.2024048096192386,23.5,5039.476670622108,89329.80573460284,14227.79172934991,59.4,140049.4821332475,82.3,25632.746150343748,5.8
75.03006012024048,1.250501002004008,22.9,6425.485336062037,88831.20654061022,14220.60812332774,59.9,148959.0825410262,84.1,27272.0,6.0
77.91583166332666,1.2985971943887775,21.4,8081.276293864027,88106.03074615687,14204.992959979101,63.1,157995.53242195348,86.0,28873.7,6.1
80.80160320641282,1.346693386773547,20.2,10204.94615753787,86954.20467313533,14215.749169326795,63.8,166812.02198763736,88.2,30512.4,6.8
83.687374749499,1.3947895791583167,18.6,12574.215677981196,85757.85459367491,14119.729728343891,65.5,175499.30699086207,91.0,32156.2,7.1
86.57314629258516,1.4428857715430863,17.5,15328.033543225098,84248.11505166753,14055.539342530803,65.3,183871.8611656896,92.8,33901.7,7.7
89.45891783567134,1.4909819639278556,16.5,18403.511584115837,82532.88841588415,13936.9,66.1,191845.98717580995,93.9,35577.4,7.9
92.34468937875752,1.5390781563126252,16.1,21462.995530322034,80832.16225097832,13809.237993673363,64.8,199435.13164461168,94.6,37246.3,7.6
95.23046092184369,1.5871743486973948,15.2,24591.723339046155,79100.87666095383,13618.4,64.9,206412.70219689963,95.9,38866.11088223596,7.5
98.11623246492987,1.6352705410821644,14.3,27848.25604308088,77198.98401077051,13397.763417645305,63.6,212780.4099038171,96.2,40490.98616756152,7.5
101.00200400801603,1.6833667334669338,13.2,31283.502828304267,75198.50307201239,13142.19409968334,63.9,218827.64601766187,99.5,42144.893141950735,7.7
103.88777555110221,1.7314629258517034,12.2,34908.91623309347,72979.88491785224,12911.362831742343,62.7,224300.79804151814,101.6,43784.52167516221,7.7
106.77354709418837,1.779559118236473,11.8,38521.43856204633,70808.5839558716,12658.877482082078,62.3,229253.4243379201,104.6,45440.82753542134,7.7
109.65931863727455,1.8276553106212425,10.9,42174.87959954419,68663.61666204002,12331.2,61.3,233940.27475163844,105.6,47142.0,7.3
112.54509018036072,1.8757515030060121,9.6,46079.27674254376,66268.20314784072,11981.192538821615,60.2,237845.27230224022,106.3,48819.6,7.7
115.4308617234469,1.9238476953907815,8.7,50112.97573586264,63726.46758270349,11664.856681433872,59.0,241186.31121276715,106.3,50434.0,7.9
118.31663326653306,1.971943887775551,8.4,54043.62792452607,61393.13180831366,11313.64026716028,58.5,244097.9713534101,105.8,52023.96351469789,8.1
121.20240480961924,2.0200400801603204,7.6,58042.11891448843,59029.18108551158,10983.6,57.3,246706.57118531308,105.7,53511.7,8.5
124.08817635270542,2.06813627254509,6.9,62062.60012731247,56723.39987268753,10636.9,54.9,248482.63795188334,106.9,55030.00030530366,9.2
126.97394789579158,2.1162324649298596,6.4,66084.24469215552,54548.815695022946,10274.560162871858,52.8,249678.77602550443,107.2,56531.1595291297,9.2
129.85971943887776,2.164328657314629,6.2,70020.95953081273,52493.40804811481,9930.1,52.2,250287.1758092687,107.3,58016.6,9.6
132.74549098196394,2.212424849699399,5.6,73872.59558425922,50554.71530408092,9595.089111659847,50.5,250615.51129144043,106.2,59443.4330741646,9.9
135.6312625250501,2.2605210420841684,5.1,77718.75049557748,48589.88639486839,9289.0,47.9,250283.05836653867,106.5,60751.3,9.9
138.51703406813627,2.308617234468938,4.9,81546.93945337567,46754.41824701089,8924.442299613425,45.4,249274.08581992256,105.9,62079.0531314955,10.4
141.40280561122245,2.3567134268537075,4.8,85222.7,45108.97906331278,8606.82093668722,42.3,247361.04327933508,105.1,63294.65739582671,10.7
144.28857715430863,2.404809619238477,4.4,88662.26140940402,43690.53859059598,8290.6,40.0,245012.87638721368,103.8,64474.53629585478,10.6
147.17434869739478,2.4529058116232463,4.2,91965.60892842626,42395.055177669456,7992.127792332981,39.1,242343.04454329633,103.0,65583.6,10.5
150.06012024048096,2.501002004008016,4.0,95071.58153504468,41245.51846495533,7753.4,37.2,239414.04200501397,102.6,66619.4467214901,10.8
152.94589178356713,2.5490981963927855,3.9,98055.7409236253,40250.65100376175,7499.1080726129585,35.1,235999.44941296763,102.4,67678.79684802794,10.6
155.8316633266533,2.597194388777555,3.6,100936.4812601642,39359.50653690683,7256.075062617761,33.2,232368.08466918935,99.0,68624.99003731138,10.7
158.7174348697395,2.6452905811623246,3.5,103668.53935097414,38645.66064902586,7037.7,31.0,228377.68742596748,98.7,69460.52300872366,11.4
161.60320641282564,2.693386773547094,3.1,106349.8938246877,37971.8,6862.6,29.2,224003.32797208018,97.5,70284.45198785044,11.4
164.48897795591182,2.741482965931864,3.0,108921.25675907948,37369.24731928836,6736.0,27.6,219353.04225691097,97.7,71042.36509858383,11.5
167.374749498998,2.7895791583166334,2.9,111482.85443885582,36863.24556114416,6587.8,25.5,214423.94757030104,95.9,71778.68030715319,11.9
170.26052104208418,2.837675350701403,2.8,113857.33579894583,36606.99364185331,6447.4705592008495,24.7,209530.33831711704,94.4,72435.5,12.1
173.14629258517033,2.8857715430861726,2.6,116338.26716703596,36190.12676828426,6334.706064679775,23.4,204381.29306176506,95.6,73080.32597095582,12.2
176.0320641282565,2.9338677354709417,2.5,118590.32078351677,35962.179216483244,6226.0,22.5,199299.58668375158,94.8,73697.9,12.0
178.9178356713427,2.9819639278557113,2.4,120840.41906308095,35768.34246664949,6109.733862239188,21.8,194234.32636664787,92.7,74251.13306299337,12.1
181.80360721442887,3.030060120240481,2.1,123202.75873997109,35444.15485886041,6026.504300620954,20.8,189317.17051093298,91.9,74772.33846024188,12.5
184.68937875751504,3.0781563126252505,2.0,125724.51851561037,34994.53572202132,5953.345762368314,19.7,184349.5507457063,91.1,75264.4,12.5
187.5751503006012,3.12625250501002,2.0,128079.54274811814,34710.90779890098,5910.3,18.5,179265.61978732166,90.2,75676.71049646886,12.4
190.46092184368737,3.1743486973947896,2.0,130166.86314874429,34706.036851255725,5793.2,17.2,174215.9204865864,88.2,76064.33852992716,12.4
193.34669338677355,3.2224448897795592,2.0,132027.6334454679,34886.76953814998,5728.0,17.0,169179.8822435821,86.6,76370.71708633157,12.2
196.23246492985973,3.270541082164329,2.0,133672.18329027243,35216.016709727555,5719.1,16.0,164300.25675267828,84.8,76643.13344101068,12.3
199.11823647294588,3.3186372745490984,2.0,135203.75145165564,35650.33105675249,5716.9,14.9,159405.98883253973,82.0,76810.31124178016,12.4
202.00400801603206,3.3667334669338675,1.8,136901.53324101635,35918.22784868989,5721.8,13.8,154471.83318204276,80.5,76955.59965409462,12.1
204.88977955911824,3.414829659318637,1.6,138865.70494640048,35855.717492853706,5749.2775607458225,13.5,149701.43903958442,77.7,77035.69583128126,12.3
207.77555110220442,3.4629258517034067,1.6,140749.3992440285,35940.435286870954,5744.5,13.0,145030.9054112584,76.4,77009.37930422567,12.4
210.66132264529057,3.5110220440881763,1.6,142581.84050505358,36081.84441308647,5763.9,12.8,140524.6804519662,75.0,76974.5,12.6
213.54709418837675,3.559118236472946,1.4,144614.40367679132,36048.796323208684,5796.9,12.7,136133.01800664596,75.2,76901.84264177748,12.9
216.43286573146293,3.6072144288577155,1.4,146746.7957584823,35923.404241517695,5833.3,12.6,131997.08229295077,73.7,76849.37674375581,12.9
219.3186372745491,3.655310621242485,1.3,148875.30436916047,35873.43666765034,5836.683236392751,12.5,128065.91650479063,73.1,76736.2,12.9
222.20440881763528,3.7034068136272547,1.3,151052.82503955046,35763.68130709477,5800.801475388785,11.8,124326.43257941233,72.3,76619.31759153864,13.0
225.09018036072143,3.7515030060120242,1.1,153288.76639694985,35611.28701005584,5785.246592994305,11.5,120587.78394514271,71.7,76523.7,13.1
227.9759519038076,3.7995991983967934,1.1,155876.9174153251,35147.68567904041,5763.596905634497,10.2,116822.52796314824,70.6,76344.49126199007,13.3
230.8617234468938,3.847695390781563,1.0,158707.76608948078,34490.6515002324,5741.922109658078,9.8,113045.78923221728,70.1,76199.30232318734,13.7
233.74749498997997,3.8957915831663326,0.9,161533.00003774677,33918.90716532764,5698.548401661175,9.8,109408.73240187531,69.4,76007.8,14.0
236.63326653306612,3.943887775551102,0.8,164833.63881428074,32892.6164924185,5655.470207608278,10.0,106057.39122006422,68.7,75780.34964034638,14.1
239.5190380761523,3.9919839679358717,0.7,167972.2792823697,32012.586344284537,5574.43437334579,10.8,103034.44132439952,67.1,75560.0,13.8
242.40480961923848,4.040080160320641,0.6,171539.98057869365,30731.61942130635,5477.9,10.3,100205.98658803506,65.7,75292.48264454627,13.9
245.29058116232466,4.0881763527054105,0.6,175034.4438658194,29538.338305753645,5345.517828426971,10.4,97491.60214450679,65.2,75008.31233659861,13.5
248.17635270541084,4.13627254509018,0.6,178277.18681943783,28566.134716119548,5202.792463690775,10.5,95044.1,64.3,74714.16948765927,13.6
251.06212424849699,4.18436873747495,0.6,181416.07995617614,27703.77057690354,5057.64946692034,10.3,92665.1080668666,63.8,74423.55548541344,13.5
253.94789579158316,4.232464929859719,0.5,184682.41892708023,26724.68726826399,4921.69380465579,10.5,90429.35795657444,62.6,74109.7,13.7
256.8336673346693,4.280561122244489,0.5,187922.70523245915,25767.574956383818,4786.610247819315,10.2,88317.27041701155,60.7,73761.78874328993,13.6
259.7194388777555,4.328657314629258,0.5,191062.9347529164,24950.298928760196,4637.9,9.8,86171.50599190101,59.8,73400.0804299241,14.0
262.6052104208417,4.376753507014028,0.5,194175.415120603,24178.8660092451,4506.9,9.2,83954.51339873376,57.4,72969.68602716134,14.2
265.4909819639279,4.424849699398798,0.5,197174.6980174173,23505.51963380193,4370.712221664301,8.8,81731.87109328891,56.9,72498.98882083014,13.9
268.37675350701403,4.472945891783567,0.5,200164.94844235608,22850.139401521923,4237.960800007382,8.3,79541.64047404984,56.0,72018.2,14.1
271.2625250501002,4.521042084168337,0.5,203048.3519352773,22302.590911466734,4116.509088533268,8.4,77433.20920435645,56.2,71556.8162169548,14.2
274.1482965931864,4.569138276553106,0.5,205846.24802416883,21852.521953905525,3992.4,8.3,75468.71316908482,55.4,71103.19401743982,14.4
277.03406813627254,4.617234468937876,0.5,208693.16105532268,21400.57722264582,3887.19759257735,8.2,73607.91346644852,54.1,70626.99767984098,15.0
279.91983967935874,4.6653306613226455,0.4,211657.27357678465,20862.229283950852,3799.670716049147,8.2,71718.42611726378,53.6,70159.14707637343,14.7
282.8056112224449,4.713426853707415,0.4,214692.00220940207,20198.34922253173,3702.848568066215,7.3,69833.39698795529,52.4,69698.93943622443,14.7
285.69138276553105,4.761523046092185,0.4,217615.54646181315,19615.033235229308,3600.3,6.8,67887.02776028407,51.3,69181.86954382957,14.5
288.57715430861725,4.809619238476954,0.4,220468.08053966807,19116.533422071552,3500.6,6.0,65902.92795685116,50.4,68662.65446382327,14.9
291.4629258517034,4.857715430861724,0.4,223344.8662692267,18647.214058684705,3416.2937647314466,6.2,63897.32019414804,50.5,68185.4483187266,15.0
294.34869739478955,4.905811623246493,0.4,226212.5600500362,18235.673218683256,3319.2021627723016,6.1,62017.57491034523,49.6,67663.22477509842,15.5
297.23446893787576,4.953907815631262,0.3,229336.23574318294,17607.479875082972,3225.920124917026,6.4,60314.58108606136,49.2,67144.06592590098,15.6
300.1202404809619,5.002004008016032,0.3,232485.75103960847,16933.99744122004,3147.0,6.2,58677.89525548462,48.7,66611.30351556631,15.7
303.0060120240481,5.050100200400801,0.3,235644.247893262,16334.098245330437,3047.1051067052344,5.7,57104.31775505515,47.8,66068.10888857987,15.9
305.89178356713427,5.098196392785571,0.3,238834.9639216364,15816.397977445717,2944.3,4.9,55414.536739226794,46.2,65504.86357985132,16.2
308.7775551102204,5.1462925851703405,0.3,241903.14866365702,15359.048584940461,2866.3,4.7,53651.62077470224,45.1,64946.26403494542,16.1
311.6633266533066,5.19438877755511,0.3,244914.96500415774,14916.355316365176,2783.5116499671813,4.0,51852.70813413288,44.0,64325.2443072167,15.9
314.5490981963928,5.24248496993988,0.2,247912.54700831216,14432.284962240155,2721.915037759845,3.9,50088.84671576532,43.6,63748.27500175529,16.0
317.434869739479,5.290581162324649,0.2,251201.046721248,13733.984756943863,2629.3,4.0,48398.11818389328,42.1,63119.66779535233,16.2
320.32064128256513,5.338677354709419,0.2,254383.52896826185,13131.681399433472,2534.4186005665297,4.2,46832.100748497105,40.6,62492.27503436394,16.4
323.2064128256513,5.386773547094188,0.2,257543.91851389734,12590.523211050162,2425.8112179430427,4.0,45371.456158279565,39.5,61832.09035751668,16.2
326.0921843687375,5.434869739478958,0.2,260645.6017927605,12122.859157601542,2327.8,3.8,43921.64867054844,39.0,61161.4480371983,16.5
328.97795591182364,5.482965931863728,0.2,263719.94712327706,11682.4,2231.6,3.7,42496.70830767921,39.1,60520.485677224504,16.6
331.8637274549098,5.531062124248497,0.2,266783.98674137506,11267.817473895582,2158.278113664632,3.6,41172.398669094,38.4,59902.124522388,16.5
334.749498997996,5.579158316633267,0.2,269782.1580446198,10895.7,2075.4,3.5,39836.14576475521,38.2,59277.91934611501,16.4
337.63527054108215,5.627254509018036,0.2,272705.72421692905,10552.645863135436,1996.4973724755102,3.0,38534.46152342442,38.0,58667.01555820289,16.4
340.52104208416836,5.675350701402806,0.2,275615.3273609532,10243.05573252308,1918.9442674769205,2.8,37205.82589225584,37.2,58113.53332452914,16.2
343.4068136272545,5.7234468937875755,0.2,278414.04851420945,9961.2,1865.1,2.8,35920.633996783035,35.9,57538.72575464784,16.1
346.29258517034066,5.771543086172345,0.2,281204.7939429409,9705.078200011772,1824.821799988228,2.6,34688.24176318115,35.6,56910.754279505905,16.4
349.17835671342687,5.819639278557114,0.2,283977.63869910844,9487.279001902994,1764.220998097006,2.4,33465.21959369833,35.06337195025361,56315.89836707804,16.4
352.064128256513,5.867735470941883,0.2,286715.9320813836,9293.593872964284,1710.9381925431583,2.3,32256.670635993127,34.7,55691.14648912447,16.5
354.9498997995992,5.915831663326653,0.2,289478.1241774362,9079.224685247915,1662.2753147520857,2.2,31091.15706426622,34.4,55073.26072972603,16.7
357.8356713426854,5.963927855711423,0.2,292246.8813034802,8902.6,1611.3,2.1,29960.791940388066,33.5,54458.55619072982,16.8
360.7214428857715,6.012024048096192,0.2,294987.15531940537,8752.9,1561.2,2.1,28854.09861331689,32.9,53873.4366244829,16.8
363.60721442885773,6.060120240480962,0.2,297683.85978089646,8603.559629644666,1518.2,2.0,27803.990331240282,31.4,53248.84914890452,16.5
366.4929859719439,6.108216432865731,0.2,300361.7546150498,8474.9,1488.7,1.9,26791.82013682559,30.4,52624.794410494644,16.9
369.3787575150301,6.156312625250501,0.0,303193.4492502789,8249.866930723529,1460.5,1.6,25791.48754478807,29.3,51972.748490699196,16.9
372.26452905811624,6.2044088176352705,0.0,306621.37489501404,7437.8,1435.7,1.7,24803.6,28.6,51279.68924018236,17.2
375.1503006012024,6.25250501002004,0.0,309949.5187617155,6755.5,1370.3,2.1,23963.028841964733,28.1,50626.219617656585,17.0
378.0360721442886,6.30060120240481,0.0,313155.6113071378,6147.201214696574,1299.7987853034253,2.0,23184.21455095364,27.9,50001.0056318869,16.6
380.92184368737475,6.348697394789579,0.0,316325.6008061326,5584.6,1235.3,1.8,22398.173100859472,27.8,49367.27731702484,16.9
383.8076152304609,6.396793587174349,0.0,319376.3191638019,5091.7,1158.2,1.5,21574.540704891544,26.5,48749.944489838876,16.3
386.6933867735471,6.4448897795591185,0.0,322294.4058574982,4649.897607066581,1085.7,1.5,20801.826684587377,25.8,48083.33901792887,16.4
389.57915831663325,6.492985971943888,0.0,325183.74861786456,4259.079238983237,1002.2207610167632,1.5,20041.794798094612,25.1,47405.95199171166,16.3
392.46492985971946,6.541082164328658,0.0,327986.44603958377,3902.6,925.8,1.1,19294.169861861334,24.0,46747.18591742581,16.2
395.3507014028056,6.589178356713427,0.0,330728.7950045096,3576.906182731199,851.3938172688006,1.1,18525.3,22.5,46085.07049107217,16.1
398.23647294589176,6.637274549098197,0.0,333474.6221792535,3284.3,779.9,1.0,17791.59022527652,21.8,45380.93613014479,16.3
401.12224448897797,6.6853707414829655,0.0,336164.0533583606,3006.851971245493,721.4,0.9,17035.3,21.2,44691.80220218214,16.1
404.0080160320641,6.733466933867735,0.0,338821.2460639402,2755.3,665.0,0.9,16313.686316084397,20.4,44016.406788739725,15.9
406.8937875751503,6.781563126252505,0.0,341408.72023120994,2520.8739723297026,616.9,0.7,15636.3,19.8,43329.66618248516,16.0
409.7795591182365,6.829659318637274,0.0,343985.7667231667,2307.7,565.7,0.7,14952.6,18.6,42664.594289348446,16.0
412.6653306613226,6.877755511022044,0.0,346550.37686748547,2121.093853480238,513.0,0.6,14283.225891152973,17.9,41986.45095344007,16.0
415.55110220440883,6.925851703406813,0.0,349083.52073148766,1936.065645458315,475.8343545416851,0.6,13634.449255704569,17.6,41302.58744016923,16.2
418.436873747495,6.973947895791583,0.0,351642.3815995879,1774.7,435.1,0.6,13041.4,17.3,40601.60322526005,16.2
421.32264529058114,7.022044088176353,0.0,354156.2148852545,1622.5,405.7,0.5,12467.0,16.5,39914.485874211896,16.4
424.20841683366734,7.070140280561122,0.0,356643.33446290146,1490.2,370.7,0.5,11927.245329608095,16.1,39233.575761257016,16.2
427.0941883767535,7.118236472945892,0.0,359146.3432314124,1366.3,335.3,0.5,11390.589899851804,15.3,38551.19486641262,16.4
429.9799599198397,7.166332665330661,0.0,361607.7425534631,1253.0,307.9,0.5,10889.7,14.7,37874.74434310338,16.2
432.86573146292585,7.214428857715431,0.0,363971.8088790438,1148.3,281.8,0.3,10396.4,14.2,37208.47072055486,15.8
435.751503006012,7.2625250501002006,0.0,366318.9960736302,1057.1,256.1,0.2,9897.252211043236,13.8,36547.8887835327,15.7
438.6372745490982,7.31062124248497,0.0,368658.18303367926,966.3,234.9,0.2,9406.971612223166,13.1,35881.92227457276,15.8
441.52304609218436,7.35871743486974,0.0,370936.148887162,889.0,220.2,0.2,8946.583115440571,12.6,35229.81163401868,15.3
444.40881763527057,7.406813627254509,0.0,373151.90449044516,816.7,201.9,0.2,8504.2,12.5,34556.01134618827,15.7
447.2945891783567,7.454909819639279,0.0,375416.30937913136,755.1881756387829,182.0,0.2,8088.8,12.2,33924.35825793749,15.7
450.18036072144287,7.5030060120240485,0.0,377672.11547687254,686.3,171.0,0.2,7706.33648816453,11.8,33274.65842158381,15.6
453.0661322645291,7.551102204408818,0.0,379902.9247333656,628.1,159.7,0.2,7331.6,11.4,32646.507344735503,15.5
455.9519038076152,7.599198396793587,0.0,382131.28303715057,580.7,145.1,0.2,6987.5,10.8,32020.45863743165,15.6
458.8376753507014,7.647294589178356,0.0,384353.15330382844,533.39363585802,134.4,0.2,6646.487179921367,10.1,31392.163673602394,15.8
461.7234468937876,7.695390781563126,0.0,386663.00014079065,486.88847417271654,125.8,0.2,6327.4,10.1,30798.210897040604,16.3
464.60921843687373,7.7434869739478955,0.0,388970.9401398857,448.9,113.0,0.1,6022.8,9.8,30203.879721609603,16.2
467.49498997995994,7.791583166332665,0.0,391210.79060433083,412.0,102.2,0.1,5709.4,9.1,29609.96657809984,16.0
470.3807615230461,7.839679358717435,0.0,393462.48631948966,374.8,95.7,0.1,5419.340954650313,8.9,29035.436420907696,16.2
473.26653306613224,7.887775551102204,0.0,395720.2069491403,342.7,87.8,0.0,5122.7,8.3,28450.847008631314,15.8
476.15230460921845,7.935871743486974,0.0,397875.89818304416,316.2,80.8,0.0,4834.6,8.0,27875.347465130402,15.9
479.0380761523046,7.9839679358717435,0.0,400099.19606931356,290.9,72.8,0.0,4562.151457049736,7.4,27294.72189851018,15.8
481.9238476953908,8.032064128256513,0.0,402273.6048674335,268.8,66.7,0.0,4304.8,7.1,26723.505698042572,15.8
484.80961923847696,8.080160320641282,0.0,404418.8208041439,248.3,61.1,0.0,4061.5,6.5,26160.599621416495,15.7
487.6953907815631,8.128256513026052,0.0,406585.7321656472,230.0,56.1,0.0,3838.4,6.1,25578.46338460008,15.8
490.5811623246493,8.176352705410821,0.0,408699.29285027337,209.8,53.1,0.0,3621.4,5.7,25016.74557620937,15.3
493.46693386773546,8.224448897795591,0.0,410787.7101307883,189.9,47.5,0.0,3417.6,5.3,24464.094551522394,15.4
496.35270541082167,8.27254509018036,0.0,412883.15910450835,173.5,44.5,0.0,3228.668420928803,5.2,23924.863910467124,15.5
499.2384769539078,8.32064128256513,0.0,414959.9033324864,159.9,40.8,0.0,3043.7,5.2,23397.064957642382,15.2
502.12424849699397,8.3687374749499,0.0,416935.9925632083,146.2,35.5,0.0,2862.6,4.8,22884.561596045824,14.6
505.0100200400802,8.41683366733467,0.0,418900.0775897462,134.8,32.2,0.0,2698.6,4.7,22361.364619533084,14.8
507.89579158316633,8.464929859719438,0.0,420873.6524063751,119.8,30.3,0.0,2539.0,4.6,21855.554095936415,14.7
510.7815631262525,8.513026052104209,0.0,422749.8050742441,109.7,28.2,0.0,2405.3854381174133,4.3,21367.067327155877,14.4
513.6673346693386,8.561122244488978,0.0,424584.2665718522,99.9,27.5,0.0,2274.2,4.0,20860.779655961294,14.2
516.5531062124248,8.609218436873748,0.0,426351.1638791957,90.6,25.6,0.0,2143.3,3.7,20383.664228486723,14.0
519.438877755511,8.657314629258517,0.0,428122.82963066205,82.3,21.9,0.0,2021.6,3.5,19885.960791509708,13.8
522.3246492985973,8.705410821643287,0.0,429888.12311503745,74.91199039605513,19.788009603944868,0.0,1910.9,3.0,19409.295166588938,14.0
525.2104208416833,8.753507014028056,0.0,431720.3244908823,67.5,18.5,0.0,1801.9,2.8,18945.537063655684,14.3
528.0961923847696,8.801603206412826,0.0,433560.3365381021,61.9,17.0,0.0,1703.3,2.6,18488.83788390726,14.4
530.9819639278558,8.849699398797595,0.0,435428.24325546034,58.3,15.3,0.0,1608.8,2.4,18034.519411424273,14.3
533.8677354709419,8.897795591182364,0.0,437292.8572401373,54.8,13.4,0.0,1512.83253373764,2.4,17587.368558423135,14.6
536.7535070140281,8.945891783567134,0.0,439216.2092684237,49.6,13.1,0.0,1426.0,2.4,17128.278867338067,14.8
539.6392785571143,8.993987975951903,0.0,441154.79917897936,47.8,10.8,0.0,1345.9,2.4,16705.260261804193,14.8
542.5250501002004,9.042084168336673,0.0,443050.53927074734,42.5,9.3,0.0,1264.8,2.2,16300.490776242275,15.0
545.4108216432866,9.090180360721442,0.0,444977.99690070766,37.8,8.5,0.0,1195.2286657907018,2.0,15894.8,15.1
548.2965931863728,9.138276553106213,0.0,446941.28329013975,34.6,7.6,0.0,1128.1,2.0,15498.3540800516,15.1
551.1823647294589,9.186372745490981,0.0,448848.4767929868,31.1,7.5,0.0,1070.0,1.8,15108.833992467935,14.9
554.0681362725451,9.234468937875752,0.0,450781.76206063514,28.6,6.8,0.0,1006.6,1.8,14730.271429993008,15.4
556.9539078156313,9.28256513026052,0.0,452694.1093505026,25.5,6.3,0.0,952.2,1.7,14363.0,14.6
559.8396793587175,9.330661322645291,0.0,454548.8847164273,23.7,6.2,0.0,901.3,1.6,14015.54685985081,14.8
562.7254509018036,9.37875751503006,0.0,456352.72783283156,21.3,6.2,0.0,848.7,1.6,13675.569675296725,14.1
565.6112224448898,9.42685370741483,0.0,458127.8358075698,19.7,5.8,0.0,799.9,1.6,13337.636375075741,14.3
568.496993987976,9.474949899799599,0.0,459877.57704143354,17.7,5.3,0.0,758.2637517658802,1.5,12993.468048062248,14.4
571.3827655310621,9.52304609218437,0.0,461611.22303139063,16.4,4.7,0.0,713.4,1.5,12669.524196901906,14.1
574.2685370741483,9.571142284569138,0.0,463330.0768357789,15.0,4.0,0.0,669.7,1.3,12353.335029504375,14.4
577.1543086172345,9.619238476953909,0.0,465133.1358091179,14.6,3.5,0.0,633.3,1.3,12031.96526728502,14.5
580.0400801603206,9.667334669338677,0.0,466937.2403546983,14.0,2.5,0.0,600.3,1.3,11713.3,14.8
582.9258517034068,9.715430861723448,0.0,468803.08077489585,11.3,3.0,0.0,566.3,1.3,11414.260665599242,15.0
585.811623246493,9.763527054108216,0.0,470666.9516302488,10.7,2.6,0.0,535.3,1.2,11127.809124902535,14.8
588.6973947895791,9.811623246492985,0.0,472534.17011610384,10.2,2.4,0.0,506.1,1.0,10848.1,15.1
591.5831663326653,9.859719438877756,0.0,474441.655180588,9.4,2.3,0.0,475.2,0.8,10575.1,15.3
594.4689378757515,9.907815631262524,0.0,476376.26959755534,8.5,2.1,0.0,451.3,0.8,10289.943645900543,15.5
597.3547094188377,9.955911823647295,0.0,478259.7239359912,7.2,2.2,0.0,425.2,0.8,10018.229532202557,15.4
600.2404809619238,10.004008016032063,0.0,480164.6287665108,6.5,2.0,0.0,400.4,0.8,9763.197009676986,15.3
603.12625250501,10.052104208416834,0.0,482108.26157781406,6.1,1.8,0.0,378.0,0.7,9507.3,15.2
606.0120240480962,10.100200400801603,0.0,484022.7292412265,5.3,1.7,0.0,357.7,0.7,9255.538820145559,15.3
608.8977955911823,10.148296593186373,0.0,485934.57615329884,4.5,1.9,0.0,339.5,0.7,9012.688844374974,15.1
611.7835671342685,10.196392785571142,0.0,487796.24418368953,4.8,1.4,0.0,320.1,0.6,8770.8,15.0
614.6693386773547,10.244488977955912,0.0,489622.0700657999,4.3,1.3,0.0,304.6,0.5,8549.9,15.0
617.5551102204408,10.292585170340681,0.0,491569.8793579199,3.7,1.3,0.0,289.9,0.4,8326.63099622212,15.3
620.440881763527,10.340681362725451,0.0,493441.5937165477,3.1,1.2,0.0,273.9,0.4,8106.5,15.3
623.3266533066133,10.38877755511022,0.0,495316.0463702742,2.9,1.0,0.0,259.0,0.4,7879.249842672146,15.1
626.2124248496993,10.43687374749499,0.0,497135.75073696533,2.9,0.6,0.0,244.7,0.4,7669.348085650547,15.0
629.0981963927856,10.48496993987976,0.0,498952.7719142617,2.4,0.7,0.0,228.9,0.4,7463.7,15.0
631.9839679358718,10.53306613226453,0.0,500708.89629583026,2.2,0.6,0.0,218.3,0.4,7265.2,14.8
634.869739478958,10.581162324649299,0.0,502473.4628282761,1.9,0.6,0.0,207.3,0.4,7070.830954742776,14.9
637.7555110220441,10.629258517034069,0.0,504263.97135301103,1.7,0.7,0.0,194.7,0.4,6890.8,14.8
640.6412825651303,10.677354709418838,0.0,506015.9950594602,1.8,0.5,0.0,184.2,0.4,6707.3,14.7
643.5270541082165,10.725450901803606,0.0,507774.5294198783,1.8,0.4,0.0,174.4,0.4,6533.4,14.8
646.4128256513026,10.773547094188377,0.0,509514.25045899366,1.6,0.5,0.0,165.62694262849908,0.4,6360.0,14.8
649.2985971943888,10.821643286573146,0.0,511281.56392776576,1.5,0.4,0.0,158.0,0.4,6186.5,14.8
652.184368737475,10.869739478957916,0.0,513019.56824009854,1.5,0.4,0.0,149.5,0.4,6031.0,15.0
655.0701402805611,10.917835671342685,0.0,514793.25751267886,1.5,0.3,0.0,140.3,0.4,5877.5,15.1
657.9559118236473,10.965931863727455,0.0,516595.2860203497,1.4,0.3,0.0,134.0,0.4,5722.5,15.1
660.8416833667335,11.014028056112224,0.0,518390.6437501805,1.5,0.1,0.0,127.8,0.4,5576.1,15.3
663.7274549098196,11.062124248496994,0.0,520205.5119555191,1.3,0.2,0.0,121.5,0.4,5431.4,14.8
666.6132264529058,11.110220440881763,0.0,522003.3205260096,1.1,0.2,0.0,113.9,0.4,5294.127898183063,15.0
669.498997995992,11.158316633266534,0.0,523743.2452771176,1.1,0.2,0.0,107.8,0.4,5151.7,14.9
672.3847695390782,11.206412825651302,0.0,525483.4171896859,1.2,0.1,0.0,101.9,0.4,5017.706662739615,14.7
675.2705410821643,11.254509018036073,0.0,527161.0625991101,1.0,0.2,0.0,95.5,0.4,4892.5,14.6
678.1563126252505,11.302605210420841,0.0,528863.5886719616,1.1,0.1,0.0,90.5,0.4,4759.1,14.5
681.0420841683367,11.350701402805612,0.0,530568.8249277703,0.8,0.2,0.0,85.1,0.4,4638.5,15.1
683.9278557114228,11.39879759519038,0.0,532335.4579489053,0.7,0.1,0.0,80.1,0.4,4515.9,15.0
686.813627254509,11.446893787575151,0.0,534067.4427679813,0.7,0.1,0.0,75.8,0.4,4399.7,15.0
689.6993987975952,11.49498997995992,0.0,535810.4495091287,0.7,0.1,0.0,71.0,0.3,4289.072325539967,15.0
692.5851703406813,11.54308617234469,0.0,537538.2489191338,0.5,0.1,0.0,67.35120076214332,0.2,4170.4,14.9
695.4709418837675,11.591182364729459,0.0,539273.2163773524,0.5,0.0,0.0,64.1,0.1,4058.5,15.0
698.3567134268537,11.639278557114228,0.0,541075.5885086044,0.5,0.0,0.0,60.8,0.1,3944.3,15.2
701.2424849699398,11.687374749498998,0.0,542880.7563594982,0.4,0.0,0.0,57.5,0.1,3833.8,15.4
704.128256513026,11.735470941883767,0.0,544703.6910185074,0.4,0.0,0.0,53.4,0.1,3731.0,15.6
707.0140280561122,11.783567134268537,0.0,546510.9955078174,0.4,0.0,0.0,50.3,0.1,3628.0,15.8
709.8997995991984,11.831663326653306,0.0,548343.2256631723,0.3,0.0,0.0,48.5,0.1,3527.1,15.6
712.7855711422845,11.879759519038076,0.0,550162.2913600109,0.3,0.0,0.0,45.2223707021996,0.1,3435.701820925129,15.6
715.6713426853707,11.927855711422845,0.0,551981.9313998984,0.3,0.0,0.0,42.9,0.1,3338.0,15.7
718.557114228457,11.975951903807616,0.0,553793.0588616045,0.3,0.0,0.0,40.5,0.1,3242.3,15.5
721.442885771543,12.024048096192384,0.0,555606.7972093673,0.3,0.0,0.0,37.8,0.1,3149.685644664438,15.9
724.3286573146293,12.072144288577155,0.0,557450.6654598517,0.2,0.0,0.0,35.6,0.1,3061.1,15.8
727.2144288577155,12.120240480961924,0.0,559333.558113367,0.2,0.0,0.0,33.7,0.1,2977.5,16.0
730.1002004008016,12.168336673346694,0.0,561207.301463241,0.2,0.0,0.0,32.1,0.1,2902.8,16.0
732.9859719438878,12.216432865731463,0.0,563116.7337918485,0.2,0.0,0.0,30.4,0.1,2818.7709248337055,16.0
735.871743486974,12.264529058116233,0.0,564985.5325310127,0.2,0.0,0.0,29.3,0.1,2738.0,15.8
738.7575150300602,12.312625250501002,0.0,566823.562054054,0.2,0.0,0.0,27.5,0.1,2661.165490780569,15.4
741.6432865731463,12.360721442885772,0.0,568607.8890298106,0.1,0.0,0.0,25.5,0.1,2585.5,15.3
744.5290581162325,12.408817635270541,0.0,570321.7753027931,0.1,0.0,0.0,24.3,0.1,2516.4,15.2
747.4148296593187,12.45691382765531,0.0,571987.4385595967,0.1,0.0,0.0,23.0,0.1,2447.027426321134,14.9
750.3006012024048,12.50501002004008,0.0,573637.8918884933,0.1,0.0,0.0,22.2,0.1,2380.7,14.9
753.186372745491,12.553106212424849,0.0,575240.3596935275,0.1,0.0,0.0,21.0,0.1,2316.2,14.4
756.0721442885772,12.60120240480962,0.0,576720.1196756372,0.1,0.0,0.0,19.8,0.1,2253.2,14.1
758.9579158316633,12.649298597194388,0.0,578236.6001680994,0.1,0.0,0.0,18.0,0.1,2194.1,14.1
761.8436873747495,12.697394789579159,0.0,579692.4971930117,0.1,0.0,0.0,17.1,0.1,2128.4,14.0
764.7294589178357,12.745490981963927,0.0,581146.4234455404,0.1,0.0,0.0,15.9,0.1,2073.4,13.9
767.6152304609218,12.793587174348698,0.0,582566.5439443549,0.0,0.0,0.0,15.2,0.1,2018.4,13.7
770.501002004008,12.841683366733466,0.0,584025.0072700006,0.0,0.0,0.0,14.0,0.1,1964.6087431902129,13.6
773.3867735470942,12.889779559118237,0.0,585368.0154387063,0.0,0.0,0.0,13.7,0.1,1911.1,13.4
776.2725450901804,12.937875751503006,0.0,586703.4303979076,0.0,0.0,0.0,13.2,0.1,1855.7,12.9
779.1583166332665,12.985971943887776,0.0,587913.8857919918,0.0,0.0,0.0,12.1,0.1,1804.2,12.7
782.0440881763527,13.034068136272545,0.0,589149.6945706591,0.0,0.0,0.0,11.8,0.1,1752.2,12.7
784.9298597194389,13.082164328657315,0.0,590388.623795644,0.0,0.0,0.0,11.4,0.1,1705.3,12.9
787.815631262525,13.130260521042084,0.0,591626.7853817631,0.0,0.0,0.0,10.9,0.1,1652.4695367303182,12.9
790.7014028056112,13.178356713426854,0.0,592843.0721869431,0.0,0.0,0.0,10.2,0.1,1607.5,12.6
793.5871743486974,13.226452905811623,0.0,594002.6983538393,0.0,0.0,0.0,9.8,0.1,1562.4,12.5
796.4729458917835,13.274549098196394,0.0,595143.1163977097,0.0,0.0,0.0,9.0,0.1,1521.0,12.5
799.3587174348697,13.322645290581162,0.0,596348.5688091922,0.0,0.0,0.0,8.6,0.1,1483.7,12.8
802.2444889779559,13.370741482965931,0.0,597562.7288536413,0.0,0.0,0.0,8.2,0.1,1445.9,12.7
805.130260521042,13.418837675350701,0.0,598736.969191822,0.0,0.0,0.0,8.1,0.1,1410.5,12.7
808.0160320641282,13.46693386773547,0.0,599926.398190074,0.0,0.0,0.0,7.9,0.1,1374.5,12.6
810.9018036072144,13.51503006012024,0.0,601040.1354739424,0.0,0.0,0.0,7.5,0.1,1340.0,12.4
813.7875751503007,13.56312625250501,0.0,602162.9918103821,0.0,0.0,0.0,7.2,0.1,1306.3,12.3
816.6733466933867,13.61122244488978,0.0,603252.0526373691,0.0,0.0,0.0,6.8,0.1,1272.8,12.2
819.559118236473,13.659318637274549,0.0,604314.937635123,0.0,0.0,0.0,6.5,0.1,1240.327145420645,12.2
822.4448897795592,13.707414829659319,0.0,605389.1910700421,0.0,0.0,0.0,6.4,0.1,1210.8,12.1
825.3306613226453,13.755511022044088,0.0,606435.8832444896,0.0,0.0,0.0,6.0,0.1,1177.8,12.0
828.2164328657315,13.803607214428858,0.0,607495.334401013,0.0,0.0,0.0,5.7,0.1,1147.0,12.1
831.1022044088177,13.851703406813627,0.0,608537.7916041759,0.0,0.0,0.0,5.3,0.1,1122.2,11.8
833.9879759519038,13.899799599198397,0.0,609550.8401643655,0.0,0.0,0.0,5.2,0.1,1092.1,12.0
836.87374749499,13.947895791583166,0.0,610572.3689334856,0.0,0.0,0.0,5.0,0.0,1062.9527189511198,11.8
839.7595190380762,13.995991983967937,0.0,611575.2286456858,0.0,0.0,0.0,4.6,0.0,1034.0,11.7
842.6452905811623,14.044088176352705,0.0,612551.116043474,0.0,0.0,0.0,4.1,0.0,1001.3,11.6
845.5310621242485,14.092184368737476,0.0,613513.3766923597,0.0,0.0,0.0,4.0,0.0,971.6,11.5
848.4168336673347,14.140280561122244,0.0,614446.219634881,0.0,0.0,0.0,3.9,0.0,944.1,11.2
851.3026052104209,14.188376753507015,0.0,615289.5859996476,0.0,0.0,0.0,3.8,0.0,920.1,11.2
854.188376753507,14.236472945891784,0.0,616151.6480764239,0.0,0.0,0.0,3.6,0.0,894.6,11.1
857.0741482965932,14.284569138276552,0.0,617008.3314993952,0.0,0.0,0.0,3.4,0.0,867.5,11.1
859.9599198396794,14.332665330661323,0.0,617846.7979360722,0.0,0.0,0.0,3.3,0.0,841.0,11.1
862.8456913827655,14.380761523046091,0.0,618673.5102351187,0.0,0.0,0.0,3.0,0.0,817.2,11.1
865.7314629258517,14.428857715430862,0.0,619519.4435640357,0.0,0.0,0.0,3.0,0.0,794.9,11.0
868.6172344689379,14.47695390781563,0.0,620376.7508215095,0.0,0.0,0.0,2.9,0.0,772.1,11.0
871.503006012024,14.525050100200401,0.0,621167.066065503,0.0,0.0,0.0,2.5,0.0,749.7,10.7
874.3887775551102,14.57314629258517,0.0,621970.8429564069,0.0,0.0,0.0,2.3,0.0,727.7,10.8
877.2745490981964,14.62124248496994,0.0,622738.3419462529,0.0,0.0,0.0,2.1,0.0,706.9,10.8
880.1603206412825,14.669338677354709,0.0,623527.2558297403,0.0,0.0,0.0,2.0,0.0,686.4,10.8
883.0460921843687,14.71743486973948,0.0,624317.4938653343,0.0,0.0,0.0,2.0,0.0,665.8,10.8
885.9318637274549,14.765531062124248,0.0,625090.5259324044,0.0,0.0,0.0,2.0,0.0,645.1,10.8
888.8176352705411,14.813627254509019,0.0,625849.679501323,0.0,0.0,0.0,1.9,0.0,625.2,10.8
891.7034068136272,14.861723446893787,0.0,626616.5118788254,0.0,0.0,0.0,1.8,0.0,606.9,10.7
894.5891783567134,14.909819639278558,0.0,627353.4480979663,0.0,0.0,0.0,1.8,0.0,589.4,10.6
897.4749498997996,14.957915831663327,0.0,628072.4660347181,0.0,0.0,0.0,1.6,0.0,572.8,10.4
900.3607214428857,15.006012024048097,0.0,628745.9825523833,0.0,0.0,0.0,1.6,0.0,556.4,10.3
903.2464929859719,15.054108216432866,0.0,629381.835865347,0.0,0.0,0.0,1.6,0.0,540.1925078371407,10.1
906.1322645290581,15.102204408817636,0.0,630056.393902167,0.0,0.0,0.0,1.6,0.0,526.1,10.4
909.0180360721442,15.150300601202405,0.0,630712.0684592362,0.0,0.0,0.0,1.4,0.0,508.9,10.0
911.9038076152304,15.198396793587174,0.0,631309.5766191266,0.0,0.0,0.0,1.2,0.0,493.8,9.8
914.7895791583167,15.246492985971944,0.0,631890.1877573485,0.0,0.0,0.0,1.1,0.0,479.6,9.7
917.6753507014027,15.294589178356713,0.0,632454.4863553777,0.0,0.0,0.0,1.1,0.0,465.1,9.7
920.561122244489,15.342685370741483,0.0,632949.4184495747,0.0,0.0,0.0,1.0,0.0,451.5,9.4
923.4468937875752,15.390781563126252,0.0,633415.7085795656,0.0,0.0,0.0,1.0,0.0,438.6,9.2
926.3326653306614,15.438877755511022,0.0,633887.9042190231,0.0,0.0,0.0,0.9,0.0,424.3,9.2
929.2184368737475,15.486973947895791,0.0,634329.4269241666,0.0,0.0,0.0,0.8,0.0,410.9,9.2
932.1042084168337,15.535070140280562,0.0,634820.0120314918,0.0,0.0,0.0,0.8,0.0,398.4,9.2
934.9899799599199,15.58316633266533,0.0,635259.5882348369,0.0,0.0,0.0,0.7,0.0,386.7,9.0
937.875751503006,15.6312625250501,0.0,635680.5192607854,0.0,0.0,0.0,0.6,0.0,376.8,8.9
940.7615230460922,15.67935871743487,0.0,636057.9871288827,0.0,0.0,0.0,0.5,0.0,366.4,8.9
943.6472945891784,15.72745490981964,0.0,636495.9543214774,0.0,0.0,0.0,0.4,0.0,355.2,8.9
946.5330661322645,15.775551102204409,0.0,636879.8905382877,0.0,0.0,0.0,0.4,0.0,344.7,8.9
949.4188376753507,15.823647294589179,0.0,637250.7728552738,0.0,0.0,0.0,0.4,0.0,334.5,8.9
952.3046092184369,15.871743486973948,0.0,637615.3572561652,0.0,0.0,0.0,0.4,0.0,323.0,8.7
955.1903807615231,15.919839679358718,0.0,637978.0208975452,0.0,0.0,0.0,0.4,0.0,313.8,8.7
958.0761523046092,15.967935871743487,0.0,638340.0230181061,0.0,0.0,0.0,0.4,0.0,305.0,8.6
960.9619238476954,16.016032064128257,0.0,638634.7329527538,0.0,0.0,0.0,0.2,0.0,296.7,8.4
963.8476953907816,16.064128256513026,0.0,638949.0762405162,0.0,0.0,0.0,0.2,0.0,288.2,8.4
966.7334669338677,16.112224448897795,0.0,639237.7256035706,0.0,0.0,0.0,0.2,0.0,280.4,8.2
969.6192384769539,16.160320641282564,0.0,639510.073236448,0.0,0.0,0.0,0.2,0.0,273.3,8.2
972.5050100200401,16.208416833667336,0.0,639769.5014360201,0.0,0.0,0.0,0.2,0.0,264.6,8.0
975.3907815631262,16.256513026052104,0.0,640007.7076135654,0.0,0.0,0.0,0.2,0.0,258.7,7.9
978.2765531062124,16.304609218436873,0.0,640189.0799697749,0.0,0.0,0.0,0.2,0.0,251.4,7.8
981.1623246492986,16.352705410821642,0.0,640387.6319476936,0.0,0.0,0.0,0.2,0.0,244.1,7.9
984.0480961923847,16.400801603206414,0.0,640603.0148951137,0.0,0.0,0.0,0.2,0.0,237.4,8.1
986.9338677354709,16.448897795591183,0.0,640842.7266827833,0.0,0.0,0.0,0.2,0.0,229.6,8.2
989.8196392785571,16.49699398797595,0.0,641063.3878255959,0.0,0.0,0.0,0.2,0.0,223.3,7.9
992.7054108216433,16.54509018036072,0.0,641255.9065998353,0.0,0.0,0.0,0.2,0.0,216.4,7.9
995.5911823647294,16.593186372745492,0.0,641500.2925289483,0.0,0.0,0.0,0.2,0.0,209.7,8.1
998.4769539078156,16.64128256513026,0.0,641728.9502187776,0.0,0.0,0.0,0.2,0.0,203.6,8.1
1001.3627254509018,16.68937875751503,0.0,641964.6282468963,0.0,0.0,0.0,0.2,0.0,197.7,8.0
1004.2484969939879,16.7374749498998,0.0,642169.6669044845,0.0,0.0,0.0,0.2,0.0,191.9,7.8
1007.1342685370741,16.78557114228457,0.0,642373.8364964261,0.0,0.0,0.0,0.2,0.0,186.4,7.8
1010.0200400801604,16.83366733466934,0.0,642535.4850053235,0.0,0.0,0.0,0.2,0.0,180.3,7.8
1012.9058116232464,16.881763527054108,0.0,642699.3481859355,0.0,0.0,0.0,0.1,0.0,174.9,7.9
1015.7915831663327,16.929859719438877,0.0,642902.2995870055,0.0,0.0,0.0,0.1,0.0,169.2,8.0
1018.6773547094189,16.977955911823646,0.0,643132.9942818226,0.0,0.0,0.0,0.1,0.0,164.0,7.8
1021.563126252505,17.026052104208418,0.0,643311.6029003449,0.0,0.0,0.0,0.1,0.0,160.3,7.7
1024.4488977955912,17.074148296593187,0.0,643468.0457250229,0.0,0.0,0.0,0.1,0.0,155.7,7.8
1027.3346693386773,17.122244488977955,0.0,643646.9591231548,0.0,0.0,0.0,0.1,0.0,150.4,7.7
1030.2204408817636,17.170340681362724,0.0,643813.061944564,0.0,0.0,0.0,0.1,0.0,146.6,7.6
1033.1062124248497,17.218436873747496,0.0,643942.6000637055,0.0,0.0,0.0,0.1,0.0,142.4,7.6
1035.9919839679358,17.266533066132265,0.0,644059.0823212021,0.0,0.0,0.0,0.1,0.0,139.2,7.6
1038.877755511022,17.314629258517034,0.0,644206.7896514817,0.0,0.0,0.0,0.1,0.0,136.2,7.5
1041.7635270541082,17.362725450901802,0.0,644344.2754411076,0.0,0.0,0.0,0.1,0.0,132.4,7.4
1044.6492985971945,17.410821643286575,0.0,644447.903611324,0.0,0.0,0.0,0.1,0.0,128.9,7.4
1047.5350701402806,17.458917835671343,0.0,644526.8756482607,0.0,0.0,0.0,0.1,0.0,124.1,7.5
1050.4208416833667,17.507014028056112,0.0,644613.7317072675,0.0,0.0,0.0,0.1,0.0,120.2,7.4
1053.306613226453,17.55511022044088,0.0,644696.1481782781,0.0,0.0,0.0,0.1,0.0,116.4,7.3
1056.192384769539,17.603206412825653,0.0,644742.3799593642,0.0,0.0,0.0,0.1,0.0,113.4,7.1
1059.0781563126252,17.65130260521042,0.0,644776.280054631,0.0,0.0,0.0,0.1,0.0,110.4,7.1
1061.9639278557115,17.69939879759519,0.0,644842.6889986545,0.0,0.0,0.0,0.1,0.0,107.7,7.1
1064.8496993987976,17.74749498997996,0.0,644903.1634187268,0.0,0.0,0.0,0.0,0.0,104.1,7.0
1067.7354709418837,17.795591182364728,0.0,644900.9937969942,0.0,0.0,0.0,0.0,0.0,101.5,6.9
1070.62124248497,17.8436873747495,0.0,644911.9665959834,0.0,0.0,0.0,0.0,0.0,98.5,6.9
1073.5070140280561,17.89178356713427,0.0,644960.91805624,0.0,0.0,0.0,0.0,0.0,96.0,7.0
1076.3927855711422,17.939879759519037,0.0,644973.884696324,0.0,0.0,0.0,0.0,0.0,93.5,7.0
1079.2785571142285,17.987975951903806,0.0,644994.2480897766,0.0,0.0,0.0,0.0,0.0,90.2,7.0
1082.1643286573146,18.03607214428858,0.0,645058.4431066772,0.0,0.0,0.0,0.0,0.0,86.9,7.1
1085.0501002004007,18.084168336673347,0.0,645058.5463700938,0.0,0.0,0.0,0.0,0.0,84.4,7.0
1087.935871743487,18.132264529058116,0.0,645087.9621011793,0.0,0.0,0.0,0.0,0.0,81.1,6.8
1090.8216432865731,18.180360721442884,0.0,645095.3049422514,0.0,0.0,0.0,0.0,0.0,78.2,6.7
1093.7074148296592,18.228456913827657,0.0,645080.9053614826,0.0,0.0,0.0,0.0,0.0,75.8,6.6
1096.5931863727455,18.276553106212425,0.0,645020.9242333781,0.0,0.0,0.0,0.0,0.0,73.3,6.7
1099.4789579158316,18.324649298597194,0.0,644974.8717684024,0.0,0.0,0.0,0.0,0.0,71.9,6.6
1102.3647294589177,18.372745490981963,0.0,644924.1045801389,0.0,0.0,0.0,0.0,0.0,70.1,6.6
1105.250501002004,18.420841683366735,0.0,644905.946013995,0.0,0.0,0.0,0.0,0.0,68.0,6.5
1108.1362725450902,18.468937875751504,0.0,644839.2223340578,0.0,0.0,0.0,0.0,0.0,65.4,6.4
1111.0220440881762,18.517034068136272,0.0,644727.0889415221,0.0,0.0,0.0,0.0,0.0,62.4,6.3
1113.9078156312626,18.56513026052104,0.0,644633.1985987298,0.0,0.0,0.0,0.0,0.0,60.8,6.2
1116.7935871743487,18.613226452905813,0.0,644499.4570801905,0.0,0.0,0.0,0.0,0.0,59.3,6.0
1119.679358717435,18.661322645290582,0.0,644317.4684827414,0.0,0.0,0.0,0.0,0.0,58.2,5.9
1122.565130260521,18.70941883767535,0.0,644134.9648998228,0.0,0.0,0.0,0.0,0.0,56.5,5.8
1125.4509018036072,18.75751503006012,0.0,643907.8147367589,0.0,0.0,0.0,0.0,0.0,54.7,5.7
1128.3366733466935,18.805611222444888,0.0,643670.0425606101,0.0,0.0,0.0,0.0,0.0,53.1,5.6
1131.2224448897796,18.85370741482966,0.0,643423.433280501,0.0,0.0,0.0,0.0,0.0,52.2,5.5
1134.1082164328657,18.90180360721443,0.0,643186.7973425455,0.0,0.0,0.0,0.0,0.0,50.9,5.4
1136.993987975952,18.949899799599198,0.0,642903.915260979,0.0,0.0,0.0,0.0,0.0,49.3,5.5
1139.879759519038,18.997995991983966,0.0,642636.053221743,0.0,0.0,0.0,0.0,0.0,48.2,5.5
1142.7655310621242,19.04609218436874,0.0,642369.931092304,0.0,0.0,0.0,0.0,0.0,47.4,5.3
1145.6513026052105,19.094188376753507,0.0,642082.6229073952,0.0,0.0,0.0,0.0,0.0,46.2,5.3
1148.5370741482966,19.142284569138276,0.0,641785.7733883188,0.0,0.0,0.0,0.0,0.0,44.6,5.2
1151.4228456913827,19.190380761523045,0.0,641481.9979761217,0.0,0.0,0.0,0.0,0.0,43.1,5.1
1154.308617234469,19.238476953907817,0.0,641143.5845748857,0.0,0.0,0.0,0.0,0.0,42.0,5.1
1157.194388777555,19.286573146292586,0.0,640835.3291523657,0.0,0.0,0.0,0.0,0.0,41.3,5.1
1160.0801603206412,19.334669338677354,0.0,640505.1958738703,0.0,0.0,0.0,0.0,0.0,39.5,5.0
1162.9659318637275,19.382765531062123,0.0,640177.2716874207,0.0,0.0,0.0,0.0,0.0,38.6,5.0
1165.8517034068136,19.430861723446895,0.0,639855.3064458424,0.0,0.0,0.0,0.0,0.0,37.4,5.0
1168.7374749498997,19.478957915831664,0.0,639499.0263335605,0.0,0.0,0.0,0.0,0.0,36.2,4.8
1171.623246492986,19.527054108216433,0.0,639126.3369155389,0.0,0.0,0.0,0.0,0.0,35.4,4.8
1174.5090180360721,19.5751503006012,0.0,638733.3130154384,0.0,0.0,0.0,0.0,0.0,34.6,4.7
1177.3947895791582,19.62324649298597,0.0,638331.427434242,0.0,0.0,0.0,0.0,0.0,33.9,4.7
1180.2805611222445,19.671342685370742,0.0,637950.8134348448,0.0,0.0,0.0,0.0,0.0,33.0,4.7
1183.1663326653306,19.71943887775551,0.0,637544.3526603926,0.0,0.0,0.0,0.0,0.0,31.8,4.8
1186.0521042084167,19.76753507014028,0.0,637158.3298012648,0.0,0.0,0.0,0.0,0.0,31.1,4.7
1188.937875751503,19.81563126252505,0.0,636764.3598993853,0.0,0.0,0.0,0.0,0.0,30.4,4.7
1191.8236472945891,19.86372745490982,0.0,636362.6208372337,0.0,0.0,0.0,0.0,0.0,29.2,4.6
1194.7094188376755,19.91182364729459,0.0,635951.791158517,0.0,0.0,0.0,0.0,0.0,28.0,4.6
1197.5951903807616,19.95991983967936,0.0,635544.8384949464,0.0,0.0,0.0,0.0,0.0,27.4,4.6
1200.4809619238476,20.008016032064127,0.0,635120.242815586,0.0,0.0,0.0,0.0,0.0,27.1,4.4
1203.366733466934,20.0561122244489,0.0,634702.7248540653,0.0,0.0,0.0,0.0,0.0,26.6,4.5
1206.25250501002,20.104208416833668,0.0,634254.1355306817,0.0,0.0,0.0,0.0,0.0,26.1,4.4
1209.1382765531062,20.152304609218437,0.0,633812.3087755957,0.0,0.0,0.0,0.0,0.0,25.1,4.3
1212.0240480961925,20.200400801603205,0.0,633379.8908572419,0.0,0.0,0.0,0.0,0.0,24.1,4.3
1214.9098196392786,20.248496993987978,0.0,632918.4862039873,0.0,0.0,0.0,0.0,0.0,23.2,4.0
1217.7955911823647,20.296593186372746,0.0,632390.8159321641,0.0,0.0,0.0,0.0,0.0,22.3,3.9
1220.681362725451,20.344689378757515,0.0,631885.5413701024,0.0,0.0,0.0,0.0,0.0,21.4,3.9
1223.567134268537,20.392785571142284,0.0,631362.3316262361,0.0,0.0,0.0,0.0,0.0,21.0,3.9
1226.4529058116232,20.440881763527056,0.0,630848.6124338836,0.0,0.0,0.0,0.0,0.0,20.3,3.9
1229.3386773547095,20.488977955911825,0.0,630315.1578913946,0.0,0.0,0.0,0.0,0.0,19.3,3.8
1232.2244488977956,20.537074148296593,0.0,629795.3584326865,0.0,0.0,0.0,0.0,0.0,18.3,3.9
1235.1102204408817,20.585170340681362,0.0,629284.1096947519,0.0,0.0,0.0,0.0,0.0,18.0,3.9
1237.995991983968,20.63326653306613,0.0,628767.8715229039,0.0,0.0,0.0,0.0,0.0,17.4,3.8
1240.881763527054,20.681362725450903,0.0,628200.4502035903,0.0,0.0,0.0,0.0,0.0,17.2,3.8
1243.7675350701402,20.72945891783567,0.0,627643.711934362,0.0,0.0,0.0,0.0,0.0,16.5,3.7
1246.6533066132265,20.77755511022044,0.0,627087.2026876411,0.0,0.0,0.0,0.0,0.0,15.9,3.7
1249.5390781563126,20.82565130260521,0.0,626544.916331825,0.0,0.0,0.0,0.0,0.0,15.4,3.7
1252.4248496993987,20.87374749498998,0.0,625956.7411123563,0.0,0.0,0.0,0.0,0.0,15.18671452531484,3.7
1255.310621242485,20.92184368737475,0.0,625381.038768697,0.0,0.0,0.0,0.0,0.0,14.6,3.6
1258.196392785571,20.96993987975952,0.0,624821.8350457551,0.0,0.0,0.0,0.0,0.0,14.3,3.6
1261.0821643286574,21.018036072144287,0.0,624251.0730301444,0.0,0.0,0.0,0.0,0.0,14.0,3.6
1263.9679358717435,21.06613226452906,0.0,623696.9749973295,0.0,0.0,0.0,0.0,0.0,13.5,3.6
1266.8537074148296,21.11422845691383,0.0,623114.6581096362,0.0,0.0,0.0,0.0,0.0,13.4,3.5
1269.739478957916,21.162324649298597,0.0,622495.8780532235,0.0,0.0,0.0,0.0,0.0,13.4,3.5
1272.625250501002,21.210420841683366,0.0,621916.8781846308,0.0,0.0,0.0,0.0,0.0,13.2,3.6
1275.5110220440881,21.258517034068138,0.0,621356.6350168245,0.0,0.0,0.0,0.0,0.0,12.7,3.6
1278.3967935871744,21.306613226452907,0.0,620793.7600198353,0.0,0.0,0.0,0.0,0.0,12.5,3.5
1281.2825651302605,21.354709418837675,0.0,620223.454942876,0.0,0.0,0.0,0.0,0.0,12.4,3.5
1284.1683366733466,21.402805611222444,0.0,619619.7061415747,0.0,0.0,0.0,0.0,0.0,12.0,3.4
1287.054108216433,21.450901803607213,0.0,619031.9069806574,0.0,0.0,0.0,0.0,0.0,11.6,3.3
1289.939879759519,21.498997995991985,0.0,618432.023710205,0.0,0.0,0.0,0.0,0.0,11.3,3.3
1292.8256513026051,21.547094188376754,0.0,617817.7303962957,0.0,0.0,0.0,0.0,0.0,11.0,3.3
1295.7114228456915,21.595190380761522,0.0,617225.3410904604,0.0,0.0,0.0,0.0,0.0,10.6,3.3
1298.5971943887776,21.64328657314629,0.0,616595.2852658712,0.0,0.0,0.0,0.0,0.0,10.5,3.1
1301.4829659318636,21.691382765531063,0.0,615945.3165958968,0.0,0.0,0.0,0.0,0.0,10.3,3.0
1304.36873747495,21.739478957915832,0.0,615275.4539388107,0.0,0.0,0.0,0.0,0.0,10.2,3.0
1307.254509018036,21.7875751503006,0.0,614595.7615897995,0.0,0.0,0.0,0.0,0.0,10.1,2.8
1310.1402805611222,21.83567134268537,0.0,613898.5559955388,0.0,0.0,0.0,0.0,0.0,9.9,2.8
1313.0260521042085,21.88376753507014,0.0,613163.7022846721,0.0,0.0,0.0,0.0,0.0,9.4,2.6
1315.9118236472946,21.93186372745491,0.0,612445.3258663334,0.0,0.0,0.0,0.0,0.0,9.0,2.7
1318.7975951903807,21.97995991983968,0.0,611734.6611799754,0.0,0.0,0.0,0.0,0.0,9.0,2.7
1321.683366733467,22.028056112224448,0.0,611019.1854486008,0.0,0.0,0.0,0.0,0.0,8.8,2.7
1324.569138276553,22.07615230460922,0.0,610298.2080080487,0.0,0.0,0.0,0.0,0.0,8.6,2.6
1327.4549098196392,22.12424849699399,0.0,609582.1099411773,0.0,0.0,0.0,0.0,0.0,8.5,2.6
1330.3406813627255,22.172344689378757,0.0,608865.2281542423,0.0,0.0,0.0,0.0,0.0,8.5,2.6
1333.2264529058116,22.220440881763526,0.0,608158.0819837766,0.0,0.0,0.0,0.0,0.0,8.5,2.6
1336.112224448898,22.268537074148295,0.0,607450.0658507764,0.0,0.0,0.0,0.0,0.0,8.3,2.7
1338.997995991984,22.316633266533067,0.0,606745.7348950343,0.0,0.0,0.0,0.0,0.0,8.0,2.6
1341.88376753507,22.364729458917836,0.0,606020.9011689695,0.0,0.0,0.0,0.0,0.0,7.6,2.6
1344.7695390781564,22.412825651302605,0.0,605308.1876459565,0.0,0.0,0.0,0.0,0.0,7.3,2.6
1347.6553106212425,22.460921843687373,0.0,604571.0098015004,0.0,0.0,0.0,0.0,0.0,7.1,2.6
1350.5410821643286,22.509018036072145,0.0,603869.88782912,0.0,0.0,0.0,0.0,0.0,6.9,2.6
1353.426853707415,22.557114228456914,0.0,603164.2451769626,0.0,0.0,0.0,0.0,0.0,6.7,2.5
1356.312625250501,22.605210420841683,0.0,602423.048530498,0.0,0.0,0.0,0.0,0.0,6.4,2.5
1359.198396793587,22.65330661322645,0.0,601667.824230432,0.0,0.0,0.0,0.0,0.0,6.3,2.4
1362.0841683366734,22.701402805611224,0.0,600892.6622500431,0.0,0.0,0.0,0.0,0.0,6.0,2.4
1364.9699398797595,22.749498997995993,0.0,600143.5745683064,0.0,0.0,0.0,0.0,0.0,5.9,2.5
1367.8557114228456,22.79759519038076,0.0,599428.0812563577,0.0,0.0,0.0,0.0,0.0,5.7,2.4
1370.741482965932,22.84569138276553,0.0,598690.9913766561,0.0,0.0,0.0,0.0,0.0,5.6,2.4
1373.627254509018,22.893787575150302,0.0,597966.7481872858,0.0,0.0,0.0,0.0,0.0,5.5,2.4
1376.5130260521041,22.94188376753507,0.0,597229.1312434452,0.0,0.0,0.0,0.0,0.0,5.1,2.4
1379.3987975951904,22.98997995991984,0.0,596473.9492652171,0.0,0.0,0.0,0.0,0.0,4.7,2.4
1382.2845691382765,23.03807615230461,0.0,595706.3583348341,0.0,0.0,0.0,0.0,0.0,4.5,2.3
1385.1703406813626,23.08617234468938,0.0,594962.3638997877,0.0,0.0,0.0,0.0,0.0,4.5,2.2
1388.056112224449,23.13426853707415,0.0,594175.0250782039,0.0,0.0,0.0,0.0,0.0,4.1,2.2
1390.941883767535,23.182364729458918,0.0,593410.2593783429,0.0,0.0,0.0,0.0,0.0,4.0,2.2
1393.8276553106211,23.230460921843687,0.0,592643.4374049656,0.0,0.0,0.0,0.0,0.0,3.9,2.2
1396.7134268537075,23.278557114228455,0.0,591876.0454952383,0.0,0.0,0.0,0.0,0.0,3.9,2.2
1399.5991983967936,23.326653306613228,0.0,591100.1530210265,0.0,0.0,0.0,0.0,0.0,3.8,2.1
1402.4849699398796,23.374749498997996,0.0,590314.9712383936,0.0,0.0,0.0,0.0,0.0,3.7,2.2
1405.370741482966,23.422845691382765,0.0,589564.1741258849,0.0,0.0,0.0,0.0,0.0,3.5,2.1
1408.256513026052,23.470941883767534,0.0,588773.8644563535,0.0,0.0,0.0,0.0,0.0,3.4,1.9
1411.1422845691384,23.519038076152306,0.0,587968.1545589394,0.0,0.0,0.0,0.0,0.0,3.2,2.0
1414.0280561122245,23.567134268537075,0.0,587142.7157994336,0.0,0.0,0.0,0.0,0.0,3.2,2.0
1416.9138276553106,23.615230460921843,0.0,586366.107681358,0.0,0.0,0.0,0.0,0.0,3.2,2.0
1419.799599198397,23.663326653306612,0.0,585577.3229685538,0.0,0.0,0.0,0.0,0.0,3.2,2.0
1422.685370741483,23.711422845691384,0.0,584801.9122785709,0.0,0.0,0.0,0.0,0.0,3.1,1.8
1425.571142284569,23.759519038076153,0.0,583964.2953588996,0.0,0.0,0.0,0.0,0.0,2.9,1.8
1428.4569138276554,23.80761523046092,0.0,583128.4203710828,0.0,0.0,0.0,0.0,0.0,2.9,1.8
1431.3426853707415,23.85571142284569,0.0,582306.687095951,0.0,0.0,0.0,0.0,0.0,2.8,1.8
1434.2284569138276,23.903807615230463,0.0,581491.8304602798,0.0,0.0,0.0,0.0,0.0,2.7,1.8
1437.114228456914,23.95190380761523,0.0,580677.8879358849,0.0,0.0,0.0,0.0,0.0,2.5,1.8
1440.0,24.0,0.0,579886.9,0.0,0.0,0.0,0.0,0.0,2.3,1.8
